[
    {
        "name": "Alfama",
        "location": "Lisboa",
        "description": "O bairro mais antigo de Lisboa, com ruas estreitas e sinuosas, é considerado o berço do fado. Suas casas tradicionais e atmosfera única fazem dele um local imperdível.",
        "image_name": "alfama.png"
    },
    {
        "name": "Mouraria",
        "location": "Lisboa",
        "description": "Outro bairro histórico de Lisboa, onde viveu a lendária fadista Maria Severa. É um local multicultural que mantém fortes ligações com as origens do fado.",
        "image_name": "mouraria.png"
    },
    {
        "name": "Museu do Fado",
        "location": "Lisboa",
        "description": "Localizado em Alfama, este museu é dedicado à história do fado e seus intérpretes mais importantes, com exposições permanentes e temporárias sobre este patrimônio cultural.",
        "image_name": "fado_museum.png"
    },
    {
        "name": "Évora",
        "location": "Alentejo",
        "description": "Cidade histórica no Alentejo, classificada como Patrimônio Mundial pela UNESCO. Suas muralhas medievais, templo romano e capela dos ossos são atrações imperdíveis.",
        "image_name": "evora.png"
    },
    {
        "name": "Monsaraz",
        "location": "Alentejo",
        "description": "Vila medieval fortificada no Alentejo, com vista para o lago Alqueva. Suas ruas de pedra e casas brancas oferecem uma viagem no tempo.",
        "image_name": "monsaraz.png"
    },
    {
        "name": "Universidade de Coimbra",
        "location": "Coimbra",
        "description": "Uma das universidades mais antigas do mundo, fundada em 1290. É o berço do fado de Coimbra e sua biblioteca Joanina é considerada uma das mais belas do mundo.",
        "image_name": "coimbra_university.png"
    },
    {
        "name": "Mosteiro dos Jerónimos",
        "location": "Lisboa",
        "description": "Obra-prima da arquitetura manuelina, construída no século XVI. É um símbolo da Era dos Descobrimentos portuguesa e abriga os túmulos de Vasco da Gama e Luís de Camões.",
        "image_name": "jeronimos_monastery.png"
    },
    {
        "name": "Torre de Belém",
        "location": "Lisboa",
        "description": "Fortaleza do século XVI que servia como porta de entrada a Lisboa e ponto de partida para os navegadores. É um ícone da arquitetura manuelina.",
        "image_name": "belem_tower.png"
    }
]