[
    {
        "title": "Origens do Fado",
        "content": "O fado surgiu nos bairros populares de Lisboa no início do século XIX. Acredita-se que tenha nascido da mistura de ritmos africanos, cantos árabes e músicas tradicionais portuguesas.",
        "image_name": "fado_origins.png"
    },
    {
        "title": "Patrimônio da Humanidade",
        "content": "Em 2011, o fado foi reconhecido pela UNESCO como Patrimônio Cultural Imaterial da Humanidade, destacando sua importância cultural para Portugal e para o mundo.",
        "image_name": "fado_unesco.png"
    },
    {
        "title": "Amália Rodrigues",
        "content": "Conhecida como a 'Rainha do Fado', Amália Rodrigues (1920-1999) foi a mais importante intérprete do fado, levando este estilo musical para o reconhecimento internacional.",
        "image_name": "amalia_rodrigues.png"
    },
    {
        "title": "Guitarra Portuguesa",
        "content": "A guitarra portuguesa é o instrumento mais emblemático do fado. Tem 12 cordas dispostas em 6 pares e um formato característico em forma de pêra.",
        "image_name": "portuguese_guitar.png"
    },
    {
        "title": "Casas de Fado",
        "content": "As casas de fado são estabelecimentos tradicionais onde se apresenta o fado. Geralmente, durante as apresentações, o público faz silêncio em sinal de respeito.",
        "image_name": "fado_house.png"
    },
    {
        "title": "Cante Alentejano",
        "content": "O cante alentejano é um canto coral tradicional do Alentejo, também reconhecido como Patrimônio Cultural Imaterial da Humanidade pela UNESCO em 2014.",
        "image_name": "cante_alentejano.png"
    },
    {
        "title": "Fado de Coimbra",
        "content": "O fado de Coimbra é uma variante do fado tradicional, associado à tradição acadêmica da Universidade de Coimbra, cantado apenas por homens e com características musicais distintas.",
        "image_name": "coimbra_fado.png"
    },
    {
        "title": "Saudade",
        "content": "O fado está intrinsecamente ligado ao conceito português de 'saudade', um sentimento de nostalgia ou melancolia profunda que é considerado parte da identidade cultural portuguesa.",
        "image_name": "saudade.png"
    }
]