[
    {
        "proverb": "Quem não arrisca, não petisca.",
        "meaning": "Quem não se arrisca, não consegue obter ganhos ou vantagens.",
        "equivalent": "Quem não arrisca, não ganha."
    },
    {
        "proverb": "Grão a grão enche a galinha o papo.",
        "meaning": "Com pequenos esforços contínuos, consegue-se alcançar grandes objetivos.",
        "equivalent": "De grão em grão, a galinha enche o papo."
    },
    {
        "proverb": "Há males que vêm por bem.",
        "meaning": "Às vezes, situações aparentemente negativas acabam trazendo consequências positivas.",
        "equivalent": "Há males que vêm para o bem."
    },
    {
        "proverb": "Quem vai ao mar, perde o lugar.",
        "meaning": "Quem se ausenta, corre o risco de perder sua posição ou oportunidade.",
        "equivalent": "Quem vai à guerra, dá e leva."
    },
    {
        "proverb": "Mais vale um pássaro na mão do que dois a voar.",
        "meaning": "É preferível ter algo garantido, mesmo que pequeno, do que algo maior mas incerto.",
        "equivalent": "Mais vale um pássaro na mão do que dois voando."
    },
    {
        "proverb": "Águas passadas não movem moinhos.",
        "meaning": "Não adianta lamentar-se pelo que já aconteceu, pois o passado não pode ser mudado.",
        "equivalent": "O que passou, passou."
    },
    {
        "proverb": "Quem canta, seus males espanta.",
        "meaning": "Cantar (ou fazer algo que se gosta) ajuda a esquecer os problemas e tristezas.",
        "equivalent": "A música alegra a alma."
    },
    {
        "proverb": "Filho de peixe sabe nadar.",
        "meaning": "Os filhos geralmente herdam as habilidades ou características dos pais.",
        "equivalent": "Tal pai, tal filho."
    }
]