[
    {
        "name": "Pastéis de Belém",
        "region": "Lisboa",
        "description": "Também conhecidos como pastéis de nata, são doces de massa folhada com recheio de creme de ovos. A receita original é mantida em segredo desde 1837.",
        "image_name": "pastel_de_belem.png"
    },
    {
        "name": "Bacalhau à Brás",
        "region": "Nacional",
        "description": "Prato feito com bacalhau desfiado, batatas palha, ovos, cebola, alho, salsa e azeitonas. É um dos muitos pratos de bacalhau da culinária portuguesa.",
        "image_name": "bacalhau_bras.png"
    },
    {
        "name": "Caldo Verde",
        "region": "Norte",
        "description": "Sopa tradicional feita com couve portuguesa finamente cortada, batata, cebola, alho e rodelas de chouriço. É considerada a sopa nacional de Portugal.",
        "image_name": "caldo_verde.png"
    },
    {
        "name": "Açorda Alentejana",
        "region": "Alentejo",
        "description": "Prato típico do Alentejo feito com pão, alho, coentro, azeite e ovos escalfados. Representa a simplicidade e sabor da cozinha alentejana.",
        "image_name": "acorda.png"
    },
    {
        "name": "Migas Alentejanas",
        "region": "Alentejo",
        "description": "Prato tradicional feito com pão, alho, azeite e ervas aromáticas, geralmente servido como acompanhamento de carne de porco ou caça.",
        "image_name": "migas.png"
    },
    {
        "name": "Ginjinha",
        "region": "Lisboa",
        "description": "Licor tradicional feito de ginja (tipo de cereja ácida) com açúcar e aguardente. É tradicionalmente servido em pequenos copos de chocolate.",
        "image_name": "ginjinha.png"
    },
    {
        "name": "Vinho do Alentejo",
        "region": "Alentejo",
        "description": "Os vinhos alentejanos são conhecidos por seu sabor encorpado e frutado. A região tem uma longa tradição vinícola que remonta aos romanos.",
        "image_name": "alentejo_wine.png"
    },
    {
        "name": "Queijo de Évora",
        "region": "Alentejo",
        "description": "Queijo de ovelha curado, com Denominação de Origem Protegida. Tem sabor intenso e é frequentemente servido como entrada ou em tábuas de queijos.",
        "image_name": "evora_cheese.png"
    }
]